student_id,first_name,last_name,email,phone,date_of_birth
1,Shane,Schneider,deborahfowler@yahoo.com,2387252913,2000-01-17
2,David,Pittman,underwoodchristopher@walker-adkins.com,001-018-795-7985x2545,1995-05-10
3,Ricardo,Fry,newmanchloe@gmail.com,214.797.7345x50020,2004-10-26
4,Nicholas,Douglas,bryan29@gmail.com,330.913.2282x558,1996-01-06
5,Joshua,Hobbs,terry06@hotmail.com,001-433-035-4103x293,2006-04-24
6,Ryan,Martin,clarkdwayne@gmail.com,001-193-780-0161x90510,2002-01-21
7,Michael,Hicks,whitejustin@yahoo.com,(578)372-5031,2005-11-07
8,Lisa,Wells,nealkevin@davis.biz,001-982-146-8799x71341,2002-01-17
9,Rodney,Singh,thomas79@yahoo.com,727.154.3991x6797,1996-03-16
10,Kathleen,Garcia,markgreen@yahoo.com,001-280-382-2141x5878,1997-06-06
11,Kelly,Barton,ericjohnson@gmail.com,3874304746,2002-08-15
12,Grant,Stone,wrhodes@gmail.com,001-173-520-8850,2001-07-07
13,Amber,Guerrero,bennettmichael@lynn-sloan.biz,001-184-086-1516x8878,2005-11-06
14,Samantha,Ryan,syoung@rodriguez-potts.biz,919.472.3527,1997-02-16
15,Lauren,Burns,kingjulia@lawson.info,0106272470,2002-02-05
16,Kimberly,Harris,rodriguezsharon@harrington.com,(681)621-0098x67798,1997-11-20
17,Michael,Wright,patricia38@rodriguez.com,0654643091,2000-08-07
18,Robert,Wells,kimberlybrown@gmail.com,+1-313-033-2684x078,1999-05-24
19,Kevin,Booth,monica13@hotmail.com,(013)025-9336,2000-04-12
20,Julie,Stewart,kramerchristina@yahoo.com,013.739.2877,1997-11-14
21,Phillip,Silva,laurengutierrez@yahoo.com,001-609-532-1781x995,1996-01-03
22,Karen,Riggs,jasonmercer@hotmail.com,059-598-9512x7567,1999-05-21
23,Kelli,Hanson,pamela58@holmes.net,(587)583-9276,1999-07-15
24,Terry,Jenkins,victorroach@rhodes.net,001-610-150-5137x5921,2002-07-31
25,Brandy,Curry,matthew56@gmail.com,(832)366-6339,2004-11-15
26,Nicole,Charles,griffincourtney@yahoo.com,001-922-032-4451,2001-10-21
27,Dominic,Faulkner,colemanalexander@hotmail.com,1848218494,1995-04-20
28,Travis,Wilkerson,nicolesandoval@yahoo.com,001-456-058-8650x694,1994-06-25
29,Christopher,Miller,pmiller@hotmail.com,(032)774-7808x061,1997-08-12
30,Scott,Miller,ronalddyer@hotmail.com,001-395-986-6096x81279,2000-09-09
31,Kayla,Olson,kyu@guerrero-howard.com,836.880.5788x35153,1999-10-16
32,James,Scott,natasha46@gmail.com,001-734-565-2726x43043,1998-09-26
33,Jonathan,Winters,martha29@wagner.biz,973-021-9331x05264,2004-11-16
34,Alyssa,Stone,tamaraellis@hotmail.com,(584)585-0343,1996-01-02
35,Kevin,May,gravesstephanie@hicks.biz,504-320-1593x68884,2006-03-08
36,Pamela,Stewart,xjohnson@moyer.com,(546)095-0928,2003-11-24
37,Tony,Contreras,fhenry@gmail.com,+1-862-788-8826x5890,1994-08-01
38,Warren,Pitts,kristen63@hotmail.com,001-619-050-0107x482,1997-05-25
39,Nicole,House,melissagomez@yahoo.com,+1-262-185-2351x73037,2002-07-10
40,Jason,Ward,jacksonjoshua@beck.com,0383024890,1999-09-18
41,Logan,Reyes,wendyhall@yahoo.com,+1-345-895-4251x204,1994-02-23
42,Christopher,Harrell,hesterkevin@hotmail.com,001-233-477-6998x96115,1998-02-12
43,Leah,Wong,veronicawallace@yahoo.com,+1-228-948-4408x9972,2001-06-26
44,Karen,Roberson,zrodriguez@yahoo.com,407.545.2204x80935,1999-11-04
45,Dana,Edwards,matthewsandrea@santos.com,001-242-837-2886x69440,1994-10-09
46,Alexander,Green,pottssarah@lopez-hill.com,+1-526-171-5283,2002-10-05
47,Wesley,Lewis,justinenglish@warren.com,001-141-303-7685x211,1995-02-12
48,Timothy,Stark,toddnewman@graham.com,0837787547,1996-01-03
49,Anna,Wagner,phamchristina@chapman.com,118.745.3002,2002-02-07
50,Corey,Cobb,michaelvasquez@yahoo.com,1828825229,2002-07-17
51,Patricia,Klein,phillipsalice@scott-stout.com,258.581.1779x8738,2006-03-23
52,Melissa,Alvarez,gpalmer@yahoo.com,001-443-164-5935x690,1998-07-19
53,Joe,Martin,wlee@gmail.com,(493)829-7487,2001-03-18
54,Joshua,Miller,allisonnelson@hotmail.com,+1-829-404-6012x5097,1997-08-20
55,Alicia,Carroll,marilynharris@yahoo.com,444.868.0913x30302,2005-06-09
56,Kristi,Franco,cmendez@yahoo.com,879.594.2952,2006-10-26
57,Debra,Leon,diamondkelly@gmail.com,+1-706-004-4347,2003-04-02
58,Kristine,Byrd,harrismelissa@hotmail.com,9976825443,1995-09-21
59,Mary,Powers,michael02@hotmail.com,007-318-2732x32878,2004-04-11
60,John,Holt,ugarcia@torres-watts.net,0589406233,1994-02-27
61,Linda,Novak,kristenfranklin@morris-padilla.biz,(055)064-5819x2569,1999-03-17
62,Richard,Wilson,fergusonkelly@ochoa.com,001-627-838-1058x3975,2003-08-14
63,Melissa,Cooke,huntercontreras@gmail.com,3521640893,2004-12-28
64,Olivia,Moyer,robin45@wallace.com,001-947-664-4565,2006-05-26
65,George,Conway,ddaniels@hotmail.com,2633245387,1998-09-16
66,Kenneth,Farmer,anthony69@smith-reynolds.com,001-770-022-7966x7358,1997-08-15
67,Matthew,Whitaker,jgordon@melton.com,720.793.4816,2005-07-29
68,Amber,Ramirez,barnettdanny@meyer-silva.com,+1-246-552-3549x0009,1999-06-13
69,Tara,Walls,michael04@carlson.com,001-731-010-3840x93640,2006-09-04
70,Erica,Ward,diazscott@pennington.com,+1-413-040-9114x906,2005-04-12
71,Vanessa,Luna,eddieortega@hotmail.com,765-314-1101x7300,2005-10-18
72,Monica,Flores,paulbell@gmail.com,(610)019-7662,2002-09-26
73,Zachary,Sanders,padillaadam@kim.org,(753)816-9653,2002-11-09
74,Zoe,Oliver,bowerseric@yahoo.com,099-948-3580,2000-12-31
75,Christopher,Butler,brownscott@hotmail.com,641-337-7868x8008,2002-05-03
76,Leah,Mccoy,lori73@patrick.biz,883-528-7711x4145,2003-03-04
77,Billy,Weber,brandon08@webb-mendez.com,(635)587-0720x70562,2000-02-21
78,Kimberly,Adkins,kellyjose@gmail.com,001-267-765-3920x4111,2001-04-12
79,Kevin,Evans,petersonsarah@yahoo.com,(357)483-5339x63049,2001-09-17
80,Lisa,Torres,thardy@gmail.com,001-534-872-0000x4040,2000-05-31
81,Gabriel,Vaughn,craig41@gmail.com,001-948-183-3463x32304,2006-09-20
82,Pamela,Walker,meganjackson@wilson.biz,372.484.4176,2005-09-11
83,Brooke,Alvarado,paulmunoz@hill.com,616.238.9898x82826,2006-08-01
84,Teresa,Evans,troybarber@yahoo.com,098-591-4239,1995-08-19
85,Nicole,Morgan,phillip48@yahoo.com,0841837042,2001-11-26
86,Richard,Monroe,jeremyclark@wang-patterson.com,001-840-091-7093x4921,2003-01-04
87,Ronald,Garcia,ortegakevin@hebert.info,001-534-715-9929x80086,1995-09-12
88,Steven,Calhoun,megan68@chan-elliott.com,1040897588,2004-07-09
89,Cynthia,Boyle,caroljames@hotmail.com,+1-771-281-1113,1996-12-05
90,Gwendolyn,Poole,rbrown@cruz.com,+1-506-593-8696x793,1997-08-06
91,Thomas,Klein,millerbrian@hotmail.com,9723212835,2001-04-21
92,Veronica,Koch,juliewilliams@hotmail.com,622.828.5650,2004-04-01
93,Julie,Martinez,andrew89@martin.com,540-283-0983,1995-08-13
94,Michelle,Fields,ashley74@flowers.org,706-660-6595,2001-10-15
95,Jason,Cunningham,kevinhunt@gmail.com,680.987.9853,1996-11-02
96,John,Hopkins,jmitchell@hotmail.com,0785070839,1996-01-05
97,Jason,Gibson,meaganbenjamin@ellison.com,0602981869,1999-02-11
98,Michelle,Smith,yolandamcknight@nolan.com,+1-874-444-3008x945,2000-12-16
99,Kevin,Nelson,kimberlymonroe@joyce.com,971.121.0388x3607,2001-03-28
100,David,Williams,stanleymelissa@hotmail.com,+1-545-278-4942,1999-05-13
101,Mary,Cole,samanthajohnson@martin.com,(473)901-9588,2006-02-03
102,Janet,Nguyen,alexandermartin@bates.biz,(142)365-1312x545,2005-03-09
103,Caitlin,Tate,sherifields@lucero.biz,+1-953-733-6996,1994-02-09
104,Angela,Meyer,andreabell@perez-meyer.biz,494.731.6588x5421,2004-06-19
105,Jason,Bailey,vadams@garza-jones.com,(554)607-0944,1994-07-15
106,Michelle,Moses,joannanorris@hotmail.com,247.292.2996x8484,1996-01-20
107,Eric,Bell,joseph28@gmail.com,855.665.9941x7756,2001-12-18
108,Suzanne,Gillespie,dwyatt@yahoo.com,(528)691-0501x8958,1994-09-13
109,Charles,Wilson,rjones@sims.info,351.932.8314,2006-05-10
110,Thomas,Taylor,boonedaniel@castillo-scott.com,9162566340,1996-07-09
111,Rachel,Carter,robertherrera@smith.biz,5157808589,1999-02-12
112,Steven,Smith,xswanson@torres-tran.com,863-192-0012x886,1998-04-06
113,Jack,Sanchez,scottcory@webster.com,403.841.7603x3932,2003-05-09
114,Crystal,Hartman,joseph02@hotmail.com,291-041-2245x21709,1997-03-19
115,Alexander,Cummings,kmiller@hotmail.com,+1-196-336-4019x9221,1997-08-24
116,Vanessa,Edwards,pamela89@gmail.com,(515)616-5437x9216,2006-09-16
117,Jessica,Simmons,charlotte33@hotmail.com,(932)232-2363x69941,2002-12-17
118,Elizabeth,Lewis,mathisdavid@hotmail.com,097.975.3539x158,2001-04-11
119,Gregory,Tran,aburgess@gmail.com,123.882.8024x9243,1997-02-19
120,Timothy,Hardin,heathermiles@yahoo.com,001-438-441-4430x901,2005-08-12
121,Kendra,Sexton,jenniferherman@smith.org,312-224-5213,1997-03-05
122,John,Welch,daniel26@hotmail.com,045.054.1792,2001-12-23
123,Anthony,Smith,mary84@yahoo.com,+1-644-875-4700x449,1999-10-26
124,Rachel,Davis,ellisonronald@dennis.com,001-217-097-2741,1999-01-14
125,Katherine,Lopez,beverly19@thomas.com,001-694-686-1967,2000-07-03
126,Kathleen,Powers,hayneskelly@gmail.com,001-268-395-3285,2000-07-18
127,Cathy,Mccoy,joshuaholt@gmail.com,001-460-732-3224,2005-02-03
128,Michael,Cohen,tfrederick@harris.org,019-906-5901x2051,2005-12-30
129,Tyler,Thompson,christina99@yahoo.com,(781)164-6466,2000-08-06
130,Adrienne,Shepherd,sgray@gmail.com,970.295.9802x1235,2000-09-26
131,Luis,Avila,jessica42@oliver.com,085.194.3638,2006-11-12
132,Matthew,Reeves,gregoryyoung@gmail.com,047-724-1004x08176,1996-07-03
133,Brooke,Bailey,rachael19@horne-phillips.com,222-326-2143x82379,2000-08-07
134,Sheila,Branch,brianna33@green.com,9789750375,1998-12-24
135,Andrea,Olson,michaelvillegas@hotmail.com,(193)019-4379x94087,1994-04-23
136,Aaron,Alvarez,bradley34@hotmail.com,(487)954-4560x44203,1995-12-17
137,Robert,Hall,brownamanda@larson.net,0281063170,2003-07-01
138,Grant,Diaz,waremathew@carroll.com,191.010.9009,2005-10-15
139,Vernon,Morris,qsimmons@miranda.biz,560.792.4563,2006-12-28
140,Joe,Fitzgerald,allentimothy@yahoo.com,001-134-332-5267,2005-05-01
141,Linda,Pena,jessica82@hotmail.com,+1-563-933-9947x60459,1994-10-24
142,Lawrence,Hale,judybailey@best.net,970.069.5262x7616,2004-01-07
143,Joshua,Lowe,kimberly17@hampton-jensen.com,573-774-3107,1998-12-13
144,Michelle,Young,ksmith@bryan.net,+1-817-266-1216,1996-01-09
145,Julie,Robles,austinjohn@hotmail.com,001-942-763-0544x86159,1998-01-13
146,Steve,Flowers,hsimmons@perez.net,001-027-421-7874,1995-11-03
147,Matthew,Cochran,kellie95@cruz-mclaughlin.biz,(571)377-9310x56198,2003-06-01
148,Howard,Williams,jrogers@yahoo.com,+1-852-984-6900,2002-01-06
149,William,Carroll,brittanybradley@gmail.com,+1-225-423-5323x7229,2001-07-21
150,Michele,Kelly,erica66@raymond.com,+1-861-329-2339x7406,1995-02-22
151,Robert,Martin,keith77@soto-herrera.net,6307066516,1995-12-23
152,Arthur,Walsh,timothymills@williams.com,(239)249-5315x34624,1998-09-03
153,Carl,Giles,ianderson@hotmail.com,8378285344,1997-10-01
154,Renee,Morales,gclark@hotmail.com,001-877-445-5685x13781,2002-11-14
155,Douglas,Gibson,jasonwagner@yahoo.com,728-704-1191x5642,2002-05-11
156,Charles,Walker,mshepherd@martin.biz,634.810.1191x98720,2005-08-06
157,Clarence,Bender,kristen70@hotmail.com,+1-491-566-4748,1995-12-24
158,Pamela,Miller,ricesamantha@zimmerman.net,(183)821-1155,1995-08-22
159,April,Woodward,guerreroroger@smith.com,412-020-6482x109,2003-12-23
160,Michael,Hernandez,david93@santiago.net,799-902-0478x10922,2003-02-10
161,Jennifer,Simpson,kennethhart@smith-peterson.com,+1-599-205-2145x569,2001-01-29
162,Eric,Knight,lindseydavid@yahoo.com,144.325.4395,2000-07-03
163,Desiree,Hansen,valerie53@gmail.com,001-141-906-6265x8409,2000-06-23
164,Bethany,Hayes,tylerbaker@barton.net,245.847.0777,1997-05-16
165,Ryan,Hutchinson,zorr@hodge.biz,923-939-5798x10267,1997-01-30
166,Cassandra,Manning,toddmichelle@garza-johnson.com,854-761-7722x623,2003-02-17
167,Rebecca,Smith,mccormickeugene@tucker-jones.net,212-654-4128x842,1996-06-08
168,Sylvia,Singleton,meaganbradshaw@sanchez.info,(831)716-8740x68408,2003-03-12
169,Brianna,Hines,sharon57@hotmail.com,596.166.2573x959,2001-10-13
170,Amy,Anderson,nathaniel02@moody.biz,(242)729-8828,2001-05-14
171,Andrew,Walsh,ajohnson@knight.com,782.498.0512x51147,2000-10-13
172,Valerie,Lara,veronicamacdonald@hotmail.com,474-183-2941x990,2003-01-21
173,Robert,Fischer,michaelbradley@gmail.com,810.912.5032,2002-10-30
174,Melanie,Wright,udonaldson@morris.net,+1-137-332-9858x9785,1997-10-03
175,Megan,Cole,john73@yahoo.com,(347)478-7932x9186,2005-11-08
176,Robin,Fowler,james22@yahoo.com,(893)498-4654,2001-08-03
177,Patricia,Douglas,rbrown@yahoo.com,(136)324-0320x87298,1994-05-25
178,Thomas,Williams,brianajones@gmail.com,492-717-4704,2001-05-26
179,Leslie,Nunez,drewhooper@hotmail.com,789.470.0525x906,2003-10-15
180,David,Gilbert,richardconley@vasquez-thomas.com,+1-567-662-7820x97979,1999-12-28
181,Laura,Rios,jasondavid@gmail.com,611-730-5494,2005-11-02
182,Melissa,Johnson,duane74@hotmail.com,631-138-5360,1999-08-31
183,Walter,Swanson,wilsonphillip@hotmail.com,362.638.4023x5654,1999-02-21
184,Bradley,Steele,alexisdouglas@yahoo.com,(059)600-9629x054,2004-02-08
185,Craig,Lynch,scottvasquez@cain.org,+1-920-648-7147x2461,1996-11-12
186,Abigail,Russo,ymiller@gmail.com,543.532.4473x20346,2002-11-30
187,Michael,Hall,hthomas@duarte.com,126.421.5374,1999-01-16
188,Catherine,Mckenzie,nicole16@hotmail.com,(598)816-8807x2190,2000-01-03
189,Jennifer,Scott,linda73@gmail.com,001-490-173-3180x03798,1994-05-09
190,Christopher,Ingram,peterjordan@ramirez.com,+1-062-326-7400x7206,1995-03-27
191,Shawn,Holland,jacksonkimberly@hotmail.com,+1-126-931-2394x26879,2006-10-28
192,Jackie,Carpenter,scollins@hotmail.com,(611)110-0356,1997-06-24
193,Amy,Foster,ksosa@gomez-holland.com,(486)495-3417,1999-08-25
194,Stephanie,Lawson,kimberlyhill@hotmail.com,(883)623-4669x98263,2004-12-20
195,Ryan,Richardson,kimberly56@taylor.com,+1-102-632-6038x134,2006-08-15
196,Tiffany,Garcia,gonzalesmichael@ferguson-reynolds.com,8349159801,1995-02-02
197,Rebecca,Dixon,andersonkeith@gmail.com,031-396-7450x174,2003-12-19
198,Emily,Jackson,cwilliams@gmail.com,(655)059-1177x304,2000-04-02
199,Stephanie,Huerta,vturner@stone-rocha.com,001-650-515-9452x5520,1998-03-31
200,Natalie,Wells,johnsonjohn@yahoo.com,473-288-3120x8120,2004-10-21
